TimeBin,FraudRate
"(100219.36, 103675.2]",0.01725703905540418
"(93307.68, 96763.52]",0.016149068322981366
"(6911.68, 10367.52]",0.014965986394557823
"(17279.2, 20735.04]",0.006734006734006734
"(24190.88, 27646.72]",0.006558641975308642
"(10367.52, 13823.36]",0.005913978494623656
"(13823.36, 17279.2]",0.0054694621695533276
"(89851.84, 93307.68]",0.004024144869215292
"(38014.24, 41470.08]",0.003582900914257475
"(27646.72, 31102.56]",0.003043071161048689
